rate_date,base_currency,target_currency,rate
2026-09-01,INR,USD,0.01053
2026-09-02,INR,USD,0.01053
2026-09-03,INR,USD,0.01058
2026-09-04,INR,USD,0.01058
2026-09-07,INR,USD,0.01058
2026-09-08,INR,USD,0.01055
2026-09-09,INR,USD,0.01051
2026-09-10,INR,USD,0.01048
2026-09-11,INR,USD,0.01046
2026-09-14,INR,USD,0.01046
2026-09-15,INR,USD,0.01042
2026-09-16,INR,USD,0.01042
2026-09-17,INR,USD,0.01042
2026-09-18,INR,USD,0.01043
2026-09-21,INR,USD,0.01044
2026-09-22,INR,USD,0.01046
2026-09-23,INR,USD,0.01044
2026-09-24,INR,USD,0.01042
2026-09-25,INR,USD,0.01044
2026-09-28,INR,USD,0.01042
2026-09-29,INR,USD,0.01042
2026-09-30,INR,USD,0.01043
2026-10-01,INR,USD,0.01038
2026-10-02,INR,USD,0.01038
